{
    "weights": {
        "rnn": 0.2895723696645143,
        "xgb": 0.3630431996563414,
        "lgbm": 0.34738443067914426
    },
    "component_scores": {
        "rnn_rmse": 2.7110919420839825,
        "xgb_rmse": 2.1624349906313305,
        "lgbm_rmse": 2.2599093359274174
    }
}