{
    "best_params": {
        "batch_size": 16,
        "units": 29,
        "dropout": 0.4093004981826176,
        "lr": 0.0009671035057060396
    },
    "best_value": 1.8685940685172107,
    "n_trials": 50,
    "study_duration": 2287.3555908203125
}